"Category","NewPath","SourceFile","Notes"
"logo","public/logos/refuge61-logo-black-white.png","LOGOS REFUGE61\logo HD N&B.png","Primary logo, black & white, transparent PNG"
"logo","public/logos/refuge61-logo-on-stone-grey.pdf","LOGOS REFUGE61\REFUGE61_logo_fond_gris_pierre.pdf","Logo lockup on stone-grey background plate"
"logo","public/logos/refuge61-logo-on-forest-green.pdf","LOGOS REFUGE61\REFUGE61_logo_fond_vert_foret.pdf","Logo lockup on forest-green background plate"
"logo","public/logos/refuge61-logo-on-sage-green.pdf","LOGOS REFUGE61\REFUGE61_logo_fond_vert_sauge.pdf","Logo lockup on sage-green background plate"
"logo","public/logos/refuge61-wordmark-stone-grey.pdf","LOGOS REFUGE61\refuge61_logo_gris_pierre.pdf","Wordmark, stone-grey, transparent"
"logo","public/logos/refuge61-wordmark-forest-green.pdf","LOGOS REFUGE61\refuge61_logo_vert_foret.pdf","Wordmark, forest-green, transparent"
"logo","public/logos/refuge61-wordmark-sage-green.pdf","LOGOS REFUGE61\refuge61_logo_vert_sauge.pdf","Wordmark, sage-green, transparent"
"logo","public/logos/refuge61-logo-header-black.png","REFUGE61_10_logos_Noman.zip\REFUGE61_logo_header_black.png","2026-08-16 client-final logo delivery. Header (single-line) lockup, opaque black plate, white wordmark, gold/olive 61 degree mark. Used in Version 4 only."
"logo","public/logos/refuge61-logo-header-bone-white.png","REFUGE61_10_logos_Noman.zip\REFUGE61_logo_header_bone_white.png","Header lockup, opaque bone-white/cream plate, dark green wordmark. Used in Version 4 only."
"logo","public/logos/refuge61-logo-header-forest-green.png","REFUGE61_10_logos_Noman.zip\REFUGE61_logo_header_forest_green.png","Header lockup, opaque forest-green plate, white wordmark. Version 4's nav logo once scrolled solid (bg-snow) — contrast against the cream nav bar."
"logo","public/logos/refuge61-logo-header-sage-green.png","REFUGE61_10_logos_Noman.zip\REFUGE61_logo_header_sage_green.png","Header lockup, opaque sage-green plate, dark green wordmark. Supplied but not used in Version 4 — kept for future use."
"logo","public/logos/refuge61-logo-header-stone-gray.png","REFUGE61_10_logos_Noman.zip\REFUGE61_logo_header_stone_gray.png","Header lockup, opaque stone-grey plate, white wordmark. Supplied but not used in Version 4 — kept for future use."
"logo","public/logos/refuge61-logo-header-white-transparent.png","REFUGE61_logo_header_white_transparent.png (supplied separately, 2026-08-16)","Header lockup, all-white ink, transparent background — no opaque plate. Version 4's nav logo over the transparent Hero state; only legible on dark/photo backgrounds, confirmed by compositing against both bg-snow and bg-charcoal before use."
"logo","public/logos/refuge61-logo-full-black.png","REFUGE61_10_logos_Noman.zip\REFUGE61_logo_full_black.png","Full lockup (wordmark + BACK TO BASICS), opaque black plate. Supplied but not used in Version 4 — kept for future use."
"logo","public/logos/refuge61-logo-full-bone-white.png","REFUGE61_10_logos_Noman.zip\REFUGE61_logo_full_bone_white.png","Full lockup, opaque bone-white/cream plate. Supplied but not used in Version 4 — kept for future use."
"logo","public/logos/refuge61-logo-full-forest-green.png","REFUGE61_10_logos_Noman.zip\REFUGE61_logo_full_forest_green.png","Full lockup, opaque forest-green plate. Version 4's brand-signature mark after Contact (BrandSignature.tsx) — contrast against Contact's bg-cream."
"logo","public/logos/refuge61-logo-full-sage-green.png","REFUGE61_10_logos_Noman.zip\REFUGE61_logo_full_sage_green.png","Full lockup, opaque sage-green plate. Supplied but not used in Version 4 — kept for future use."
"logo","public/logos/refuge61-logo-full-stone-gray.png","REFUGE61_10_logos_Noman.zip\REFUGE61_logo_full_stone_gray.png","Full lockup, opaque stone-grey plate. Supplied but not used in Version 4 — kept for future use."
"logo","public/logos/refuge61-logo-full-white-transparent.png","REFUGE61_logo_full_white_transparent.png (supplied separately, 2026-08-16)","Full lockup, all-white ink, transparent background. Supplied but not used in Version 4 (no dark-background section suits the full lockup) — kept for future use."
"video","public/videos/refuge61-teaser.mp4","VIDEO+Photos Iphone\Teaser 2606 HD.mp4","Primary teaser/brand film, used in the Cinematic Video section. COMPRESSED 2026-08-06: re-encoded 1920x1080/19.3Mbps/262MB source down to 1280x720, H.264 CRF 31, 80kbps AAC audio, +faststart, 11.3MB (23x reduction), same 112s duration, visually verified against the original. Full-quality original untouched at its source path on Desktop (never deleted from public/, only replaced)."
"video","public/videos/lifestyle-clip-01.MOV","VIDEO+Photos Iphone\IMG_2232.MOV","Handheld iPhone clip, candid lifestyle footage (27MB)"
"video","public/videos/lifestyle-clip-02.MOV","RUSH MISUSAETER\IMG_2104.MOV","Handheld iPhone clip, ski-touring/rush trip footage (43MB)"
"hero","public/images/hero/hero-aerial-sunrise.jpg","PHOTOS DETAIL CHALET\Ute bilder\Bjorkasen aerial sunrise.JPG","Aerial, dawn/dusk light, whole property in snow - top hero candidate"
"hero","public/images/hero/hero-aerial-winter-wide.jpg","PHOTOS DETAIL CHALET\Ute bilder\Flyfoto vinter.JPG","Aerial fisheye, full estate + surrounding fjell, winter dusk"
"hero","public/images/hero/hero-bw-frost-facade.jpg","PHOTOS DETAIL CHALET\Ute bilder\Svart hvitt front.jpg","Black & white, frost-covered carved timber facade - editorial/graphic"
"hero","public/images/hero/hero-bw-facade-east.jpg","PHOTOS DETAIL CHALET\Ute bilder\Svart hvitt front øst fasade 01.jpg","Black & white, east facade, alternate crop/angle of the above"
"hero","public/images/hero/hero-aerial-alt-01.jpg","PHOTOS DETAIL CHALET\Ute bilder\Bjorkasen aerial photos-009.JPG","Aerial daylight alternate"
"hero","public/images/hero/hero-aerial-alt-02.jpg","PHOTOS DETAIL CHALET\Ute bilder\Bjorkasen aerial photos-011.JPG","Aerial daylight alternate"
"hero","public/images/hero/hero-aerial-alt-03.jpg","PHOTOS DETAIL CHALET\Ute bilder\Bjorkasen aerial photos-020.JPG","Aerial daylight alternate"
"architecture","public/images/architecture/architecture-bathhouse-exterior-01.jpg","PHOTOS DETAIL CHALET\Ute bilder\Badehuset ferdig.JPG","Stone-and-glass bathhouse, completed, snow setting"
"architecture","public/images/architecture/architecture-lodge-winter-01.jpg","PHOTOS DETAIL CHALET\Ute bilder\Jakthytta vinter 03.jpg","Main lodge exterior, winter"
"architecture","public/images/architecture/architecture-lodge-exterior-01.jpg","PHOTOS DETAIL CHALET\Ute bilder\Bjorkaasen.JPG","Main lodge exterior"
"architecture","public/images/architecture/architecture-lodge-exterior-02.jpg","PHOTOS DETAIL CHALET\Ute bilder\Bjorkaasen-012.JPG","Exterior detail"
"architecture","public/images/architecture/architecture-lodge-exterior-03.jpg","PHOTOS DETAIL CHALET\Ute bilder\Bjorkaasen-025.JPG","Exterior detail"
"architecture","public/images/architecture/architecture-lodge-exterior-04.jpg","PHOTOS DETAIL CHALET\Ute bilder\Bjorkaasen-059.JPG","Exterior detail"
"architecture","public/images/architecture/architecture-lodge-exterior-05.jpg","PHOTOS DETAIL CHALET\Ute bilder\Bjorkaasen-072.JPG","Exterior detail"
"architecture","public/images/architecture/architecture-lodge-exterior-06.jpg","PHOTOS DETAIL CHALET\Ute bilder\Bjorkaasen-073.JPG","Exterior detail"
"architecture","public/images/architecture/architecture-lodge-exterior-07.jpg","PHOTOS DETAIL CHALET\Ute bilder\Bjorkasen hunting lodge in Gala-006.jpg","Professional exterior photography, large file/high-res"
"architecture","public/images/architecture/architecture-lodge-exterior-08.jpg","PHOTOS DETAIL CHALET\Ute bilder\Bjorkasen hunting lodge in Gala-008.jpg","Professional exterior photography, large file/high-res"
"architecture","public/images/architecture/architecture-lodge-exterior-09.jpg","PHOTOS DETAIL CHALET\Ute bilder\Bjorkasen hunting lodge in Gala-016.jpg","Professional exterior photography, large file/high-res"
"architecture","public/images/architecture/architecture-lodge-exterior-10.jpg","PHOTOS DETAIL CHALET\Ute bilder\Bjorkasen hunting lodge in Gala-061.jpg","Professional exterior photography, large file/high-res"
"architecture","public/images/architecture/architecture-lodge-exterior-11.jpg","PHOTOS DETAIL CHALET\Ute bilder\Bjorkasen hunting lodge in Gala-065.jpg","Professional exterior photography, large file/high-res"
"architecture","public/images/architecture/architecture-lodge-exterior-12.jpg","PHOTOS DETAIL CHALET\Ute bilder\Bjorkasen hunting lodge in Gala-118.jpg","Professional exterior photography"
"architecture","public/images/architecture/architecture-lodge-exterior-13.jpg","PHOTOS DETAIL CHALET\Ute bilder\Bjorkasen hunting lodge in Gala-188.jpg","Professional exterior photography"
"architecture","public/images/architecture/architecture-lodge-exterior-14.jpg","PHOTOS DETAIL CHALET\Ute bilder\Bjorkasen hunting lodge in Gala-190.jpg","Professional exterior photography"
"architecture","public/images/architecture/architecture-lodge-exterior-15.jpg","PHOTOS DETAIL CHALET\Ute bilder\IMG_0556.JPG","Exterior snapshot, low-res"
"architecture","public/images/architecture/architecture-bathhouse-02.jpg","PHOTOS DETAIL CHALET\Badehuset\Bjorkasen hunting lodge in Gala-042.jpg","Bathhouse, stone & glass, professional"
"architecture","public/images/architecture/architecture-bathhouse-03.jpg","PHOTOS DETAIL CHALET\Badehuset\Bjorkasen hunting lodge in Gala-045.jpg","Bathhouse, stone & glass, professional"
"architecture","public/images/architecture/architecture-bathhouse-04.jpg","PHOTOS DETAIL CHALET\Badehuset\Bjorkasen hunting lodge in Gala-046.jpg","Bathhouse, stone & glass, professional"
"architecture","public/images/architecture/architecture-bathhouse-05.jpg","PHOTOS DETAIL CHALET\Badehuset\Bjorkasen hunting lodge in Gala-052.jpg","Bathhouse, stone & glass, professional"
"architecture","public/images/architecture/architecture-bathhouse-06.jpg","PHOTOS DETAIL CHALET\Badehuset\Bjorkasen hunting lodge in Gala-053.jpg","Bathhouse, stone & glass, professional"
"architecture","public/images/architecture/architecture-bathhouse-07.jpg","PHOTOS DETAIL CHALET\Badehuset\Bjorkasen hunting lodge in Gala-054.jpg","Bathhouse, stone & glass, professional"
"architecture","public/images/architecture/architecture-bathhouse-08.jpg","PHOTOS DETAIL CHALET\Badehuset\Bjorkasen hunting lodge in Gala-055.jpg","Bathhouse, stone & glass, professional"
"interiors","public/images/interiors/interiors-livingroom-01.jpg","PHOTOS DETAIL CHALET\Oppholdsrom bilder\Bjorkaasen-050.JPG","Living room"
"interiors","public/images/interiors/interiors-livingroom-02.jpg","PHOTOS DETAIL CHALET\Oppholdsrom bilder\Bjorkaasen-052.JPG","Living room"
"interiors","public/images/interiors/interiors-livingroom-03.jpg","PHOTOS DETAIL CHALET\Oppholdsrom bilder\Bjorkaasen-055.JPG","Living room"
"interiors","public/images/interiors/interiors-livingroom-04.jpg","PHOTOS DETAIL CHALET\Oppholdsrom bilder\Bjorkasen hunting lodge in Gala-001.jpg","Log-wall corridor with hallway arches - atmospheric, strong texture"
"interiors","public/images/interiors/interiors-livingroom-05.jpg","PHOTOS DETAIL CHALET\Oppholdsrom bilder\Bjorkasen hunting lodge in Gala-024.jpg","Living room, professional"
"interiors","public/images/interiors/interiors-livingroom-06.jpg","PHOTOS DETAIL CHALET\Oppholdsrom bilder\Bjorkasen hunting lodge in Gala-028.jpg","Living room, professional, largest file (12.99MB)"
"interiors","public/images/interiors/interiors-livingroom-07.jpg","PHOTOS DETAIL CHALET\Oppholdsrom bilder\Bjorkasen hunting lodge in Gala-036.jpg","Living room, professional"
"interiors","public/images/interiors/interiors-livingroom-08.jpg","PHOTOS DETAIL CHALET\Oppholdsrom bilder\Bjorkasen hunting lodge in Gala-037.jpg","Living room, professional"
"interiors","public/images/interiors/interiors-livingroom-09.jpg","PHOTOS DETAIL CHALET\Oppholdsrom bilder\Bjorkasen hunting lodge in Gala-040.jpg","Living room, professional"
"interiors","public/images/interiors/interiors-livingroom-10.jpg","PHOTOS DETAIL CHALET\Oppholdsrom bilder\Bjorkasen hunting lodge in Gala-121.jpg","Living room detail"
"interiors","public/images/interiors/interiors-livingroom-11.jpg","PHOTOS DETAIL CHALET\Oppholdsrom bilder\Bjorkasen hunting lodge in Gala-132.jpg","Living room detail"
"interiors","public/images/interiors/interiors-livingroom-12.jpg","PHOTOS DETAIL CHALET\Oppholdsrom bilder\Bjorkasen hunting lodge in Gala-133.jpg","Living room detail"
"interiors","public/images/interiors/interiors-livingroom-13.jpg","PHOTOS DETAIL CHALET\Oppholdsrom bilder\Bjorkasen hunting lodge in Gala-134.jpg","Living room detail"
"interiors","public/images/interiors/interiors-livingroom-14.jpg","PHOTOS DETAIL CHALET\Oppholdsrom bilder\Bjorkasen hunting lodge in Gala-135.jpg","Living room detail"
"interiors","public/images/interiors/interiors-livingroom-15.jpg","PHOTOS DETAIL CHALET\Oppholdsrom bilder\Bjorkasen hunting lodge in Gala-137.jpg","Living room detail"
"interiors","public/images/interiors/interiors-livingroom-16.jpg","PHOTOS DETAIL CHALET\Oppholdsrom bilder\Bjorkasen hunting lodge in Gala-142.jpg","Living room detail"
"interiors","public/images/interiors/interiors-livingroom-17.jpg","PHOTOS DETAIL CHALET\Oppholdsrom bilder\Bjorkasen hunting lodge in Gala-143.jpg","Living room detail"
"interiors","public/images/interiors/interiors-livingroom-18.jpg","PHOTOS DETAIL CHALET\Oppholdsrom bilder\Bjorkasen hunting lodge in Gala-150.jpg","Living room detail"
"interiors","public/images/interiors/interiors-livingroom-19.jpg","PHOTOS DETAIL CHALET\Oppholdsrom bilder\Bjorkasen hunting lodge in Gala-182.jpg","Living room detail"
"interiors","public/images/interiors/interiors-livingroom-20.jpg","PHOTOS DETAIL CHALET\Oppholdsrom bilder\Bjorkasen hunting lodge in Gala-254.jpg","Living room detail"
"interiors","public/images/interiors/interiors-livingroom-21.jpg","PHOTOS DETAIL CHALET\Oppholdsrom bilder\Bjorkasen hunting lodge in Gala-257.jpg","Living room detail"
"interiors","public/images/interiors/interiors-livingroom-22.jpg","PHOTOS DETAIL CHALET\Oppholdsrom bilder\Bjorkasen hunting lodge in Gala-258.jpg","Living room detail"
"interiors","public/images/interiors/interiors-livingroom-23.jpg","PHOTOS DETAIL CHALET\Oppholdsrom bilder\Bjorkasen hunting lodge in Gala-259.jpg","Living room detail"
"interiors","public/images/interiors/interiors-livingroom-24.jpg","PHOTOS DETAIL CHALET\Oppholdsrom bilder\Bjorkasen hunting lodge in Gala-260.jpg","Living room detail"
"interiors","public/images/interiors/interiors-livingroom-25.jpg","PHOTOS DETAIL CHALET\Oppholdsrom bilder\Bjorkasen hunting lodge in Gala-263.jpg","Living room detail"
"interiors","public/images/interiors/interiors-livingroom-26.jpg","PHOTOS DETAIL CHALET\Oppholdsrom bilder\Bjorkasen hunting lodge in Gala-265.jpg","Living room detail"
"interiors","public/images/interiors/interiors-bedroom-01.jpg","PHOTOS DETAIL CHALET\Soverom bilder\Bjorkaasen-046.JPG","Antique hand-painted daybed with sheepskin throw, corner nook. CORRECTED 2026-08-06: previously mislabeled as the mounted-deer-head shot by folder-order assumption (see interiors-bedroom-02.jpg for that image)."
"interiors","public/images/interiors/interiors-bedroom-02.jpg","PHOTOS DETAIL CHALET\Soverom bilder\Bjorkasen hunting lodge in Gala-108.jpg","Bedroom, mounted deer head above bed - signature hunting-lodge detail. This is the correct file for that description (see correction note on interiors-bedroom-01.jpg)."
"interiors","public/images/interiors/interiors-bedroom-03.jpg","PHOTOS DETAIL CHALET\Soverom bilder\Bjorkasen hunting lodge in Gala-109.jpg","Bedroom, professional"
"interiors","public/images/interiors/interiors-bedroom-04.jpg","PHOTOS DETAIL CHALET\Soverom bilder\Bjorkasen hunting lodge in Gala-111.jpg","Bedroom, professional"
"interiors","public/images/interiors/interiors-bedroom-05.jpg","PHOTOS DETAIL CHALET\Soverom bilder\Bjorkasen hunting lodge in Gala-145.jpg","Bedroom, professional"
"interiors","public/images/interiors/interiors-bedroom-06.jpg","PHOTOS DETAIL CHALET\Soverom bilder\Bjorkasen hunting lodge in Gala-147.jpg","Bedroom, professional"
"interiors","public/images/interiors/interiors-bedroom-07.jpg","PHOTOS DETAIL CHALET\Soverom bilder\Bjorkasen hunting lodge in Gala-151.jpg","Bedroom, professional"
"interiors","public/images/interiors/interiors-bedroom-08.jpg","PHOTOS DETAIL CHALET\Soverom bilder\Bjorkasen hunting lodge in Gala-154.jpg","Bedroom, professional"
"interiors","public/images/interiors/interiors-bedroom-09.jpg","PHOTOS DETAIL CHALET\Soverom bilder\Bjorkasen hunting lodge in Gala-155.jpg","Bedroom, professional"
"interiors","public/images/interiors/interiors-bedroom-10.jpg","PHOTOS DETAIL CHALET\Soverom bilder\Bjorkasen hunting lodge in Gala-157.jpg","Bedroom, professional"
"interiors","public/images/interiors/interiors-bedroom-11.jpg","PHOTOS DETAIL CHALET\Soverom bilder\Bjorkasen hunting lodge in Gala-159.jpg","Bedroom, professional"
"interiors","public/images/interiors/interiors-bedroom-12.jpg","PHOTOS DETAIL CHALET\Soverom bilder\Bjorkasen hunting lodge in Gala-163.jpg","Bedroom, professional"
"interiors","public/images/interiors/interiors-bedroom-13.jpg","PHOTOS DETAIL CHALET\Soverom bilder\Bjorkasen hunting lodge in Gala-164.jpg","Bedroom, professional"
"interiors","public/images/interiors/interiors-bedroom-14.jpg","PHOTOS DETAIL CHALET\Soverom bilder\Bjorkasen hunting lodge in Gala-165.jpg","Bedroom, professional"
"interiors","public/images/interiors/interiors-bedroom-15.jpg","PHOTOS DETAIL CHALET\Soverom bilder\Bjorkasen hunting lodge in Gala-169.jpg","Bedroom, professional"
"interiors","public/images/interiors/interiors-bedroom-16.jpg","PHOTOS DETAIL CHALET\Soverom bilder\Bjorkasen hunting lodge in Gala-170.jpg","Bedroom, professional"
"interiors","public/images/interiors/interiors-bedroom-17.jpg","PHOTOS DETAIL CHALET\Soverom bilder\Bjorkasen hunting lodge in Gala-174.jpg","Bedroom, professional"
"interiors","public/images/interiors/interiors-bedroom-18.jpg","PHOTOS DETAIL CHALET\Soverom bilder\Bjorkasen hunting lodge in Gala-241.jpg","Bedroom, professional"
"interiors","public/images/interiors/interiors-bedroom-19.jpg","PHOTOS DETAIL CHALET\Soverom bilder\Bjorkasen hunting lodge in Gala-242.jpg","Bedroom, professional"
"interiors","public/images/interiors/interiors-bedroom-20.jpg","PHOTOS DETAIL CHALET\Soverom bilder\Bjorkasen hunting lodge in Gala-244.jpg","Bedroom, professional"
"interiors","public/images/interiors/interiors-caretaker-cottage-01.jpg","PHOTOS DETAIL CHALET\Vaktmester hytta\Bjorkasen hunting lodge in Gala-070.jpg","Caretaker's cottage kitchen - rustic, lived-in counterpoint to the main lodge"
"interiors","public/images/interiors/interiors-caretaker-cottage-02.jpg","PHOTOS DETAIL CHALET\Vaktmester hytta\Bjorkasen hunting lodge in Gala-074.jpg","Caretaker's cottage"
"interiors","public/images/interiors/interiors-caretaker-cottage-03.jpg","PHOTOS DETAIL CHALET\Vaktmester hytta\Bjorkasen hunting lodge in Gala-075.jpg","Caretaker's cottage"
"interiors","public/images/interiors/interiors-caretaker-cottage-04.jpg","PHOTOS DETAIL CHALET\Vaktmester hytta\Bjorkasen hunting lodge in Gala-076.jpg","Caretaker's cottage"
"interiors","public/images/interiors/interiors-caretaker-cottage-05.jpg","PHOTOS DETAIL CHALET\Vaktmester hytta\Bjorkasen hunting lodge in Gala-077.jpg","Caretaker's cottage"
"interiors","public/images/interiors/interiors-caretaker-cottage-06.jpg","PHOTOS DETAIL CHALET\Vaktmester hytta\Bjorkasen hunting lodge in Gala-080.jpg","Caretaker's cottage"
"interiors","public/images/interiors/interiors-caretaker-cottage-07.jpg","PHOTOS DETAIL CHALET\Vaktmester hytta\Bjorkasen hunting lodge in Gala-081.jpg","Caretaker's cottage"
"interiors","public/images/interiors/interiors-caretaker-cottage-08.jpg","PHOTOS DETAIL CHALET\Vaktmester hytta\Bjorkasen hunting lodge in Gala-082.jpg","Caretaker's cottage"
"interiors","public/images/interiors/interiors-caretaker-cottage-09.jpg","PHOTOS DETAIL CHALET\Vaktmester hytta\Bjorkasen hunting lodge in Gala-085.jpg","Caretaker's cottage"
"interiors","public/images/interiors/interiors-caretaker-cottage-10.jpg","PHOTOS DETAIL CHALET\Vaktmester hytta\Bjorkasen hunting lodge in Gala-088.jpg","Caretaker's cottage"
"interiors","public/images/interiors/interiors-caretaker-cottage-11.jpg","PHOTOS DETAIL CHALET\Vaktmester hytta\Bjorkasen hunting lodge in Gala-223.jpg","Caretaker's cottage"
"story","public/images/story/story-detail-01.jpg","PHOTOS DETAIL CHALET\Déco dans le chalet\Bjorkaasen-003.JPG","Decor detail, kitchen lighting/objects"
"story","public/images/story/story-detail-02.jpg","PHOTOS DETAIL CHALET\Déco dans le chalet\Bjorkaasen-004.JPG","Decor detail"
"story","public/images/story/story-detail-03.jpg","PHOTOS DETAIL CHALET\Déco dans le chalet\Bjorkaasen-007.JPG","Decor detail"
"story","public/images/story/story-detail-04.jpg","PHOTOS DETAIL CHALET\Déco dans le chalet\Bjorkaasen-009.JPG","Decor detail"
"story","public/images/story/story-detail-05.jpg","PHOTOS DETAIL CHALET\Déco dans le chalet\Bjorkaasen-011.JPG","Decor detail"
"story","public/images/story/story-detail-06.jpg","PHOTOS DETAIL CHALET\Déco dans le chalet\Bjorkaasen-017.JPG","Decor detail"
"story","public/images/story/story-detail-07.jpg","PHOTOS DETAIL CHALET\Déco dans le chalet\Bjorkaasen-018.JPG","Decor detail"
"story","public/images/story/story-detail-08.jpg","PHOTOS DETAIL CHALET\Déco dans le chalet\Bjorkaasen-023.JPG","Decor detail"
"story","public/images/story/story-detail-09.jpg","PHOTOS DETAIL CHALET\Déco dans le chalet\Bjorkaasen-027.JPG","Decor detail"
"story","public/images/story/story-detail-10.jpg","PHOTOS DETAIL CHALET\Déco dans le chalet\Bjorkaasen-028.JPG","Decor detail"
"story","public/images/story/story-detail-11.jpg","PHOTOS DETAIL CHALET\Déco dans le chalet\Bjorkaasen-029.JPG","Decor detail"
"story","public/images/story/story-detail-12.jpg","PHOTOS DETAIL CHALET\Déco dans le chalet\Bjorkaasen-030.JPG","Decor detail"
"story","public/images/story/story-detail-13.jpg","PHOTOS DETAIL CHALET\Déco dans le chalet\Bjorkaasen-036.JPG","Decor detail"
"story","public/images/story/story-detail-14.jpg","PHOTOS DETAIL CHALET\Déco dans le chalet\Bjorkaasen-043.JPG","Decor detail"
"story","public/images/story/story-detail-15.jpg","PHOTOS DETAIL CHALET\Déco dans le chalet\Bjorkaasen-048.JPG","Decor detail"
"story","public/images/story/story-detail-16.jpg","PHOTOS DETAIL CHALET\Déco dans le chalet\Bjorkaasen-057.JPG","Decor detail"
"story","public/images/story/story-detail-17.jpg","PHOTOS DETAIL CHALET\Déco dans le chalet\Bjorkaasen-062.JPG","Decor detail"
"story","public/images/story/story-detail-18.jpg","PHOTOS DETAIL CHALET\Déco dans le chalet\Bjorkaasen-085.JPG","Decor detail"
"story","public/images/story/story-detail-19.jpg","PHOTOS DETAIL CHALET\Déco dans le chalet\Bjorkaasen-094.JPG","Decor detail"
"story","public/images/story/story-detail-20.jpg","PHOTOS DETAIL CHALET\Déco dans le chalet\Bjorkaasen-097.JPG","Decor detail"
"story","public/images/story/story-detail-21.jpg","PHOTOS DETAIL CHALET\Déco dans le chalet\Bjorkaasen-098.JPG","Decor detail"
"story","public/images/story/story-detail-22.jpg","PHOTOS DETAIL CHALET\Déco dans le chalet\IMG_0624[4000].JPG","Decor detail, lower-res snapshot"
"story","public/images/story/story-roses-on-ice.jpg","PHOTOS DETAIL CHALET\Ute bilder\Mirabeau Roses on icy shelf.jpg","Romantic still-life detail, roses on an icy stone shelf"
"story","public/images/story/story-boules-game.jpg","PHOTOS DETAIL CHALET\Ute bilder\Boule 1.jpg","Outdoor pétanque/boules set, summer-life detail"
"lifestyle","public/images/lifestyle/lifestyle-family-01.jpg","PHOTOS DETAIL CHALET\Famille dans le chalet\50ae952c-e7e1-4e01-a017-9772a9201de6.JPG","Family candid"
"lifestyle","public/images/lifestyle/lifestyle-family-02.jpg","PHOTOS DETAIL CHALET\Famille dans le chalet\71ed176c-c618-43f1-950c-2e32f84cdfe8.JPG","Family candid"
"lifestyle","public/images/lifestyle/lifestyle-family-03.jpg","PHOTOS DETAIL CHALET\Famille dans le chalet\bb59a1be-4edc-4428-9d2e-7ca161371ea3.JPG","Family candid"
"lifestyle","public/images/lifestyle/lifestyle-family-04.jpg","PHOTOS DETAIL CHALET\Famille dans le chalet\cfe4dc6c-fa5f-4ccf-a75d-24a87815daf9.JPG","Family candid"
"lifestyle","public/images/lifestyle/lifestyle-family-05-kitchen-detail.jpg","PHOTOS DETAIL CHALET\Famille dans le chalet\IMG_0124.JPG","Kitchen ceiling/pendant-light detail shot, warm candid mood"
"lifestyle","public/images/lifestyle/lifestyle-family-06.jpg","PHOTOS DETAIL CHALET\Famille dans le chalet\IMG_0131.JPG","Family candid"
"lifestyle","public/images/lifestyle/lifestyle-family-07.jpg","PHOTOS DETAIL CHALET\Famille dans le chalet\IMG_0248.JPG","Family candid"
"lifestyle","public/images/lifestyle/lifestyle-family-08.jpg","PHOTOS DETAIL CHALET\Famille dans le chalet\IMG_0250.JPG","Family candid"
"lifestyle","public/images/lifestyle/lifestyle-family-09.jpg","PHOTOS DETAIL CHALET\Famille dans le chalet\IMG_0506.JPG","Family candid, low-res"
"lifestyle","public/images/lifestyle/lifestyle-family-10.jpg","PHOTOS DETAIL CHALET\Famille dans le chalet\IMG_0706.JPG","Family candid, low-res"
"lifestyle","public/images/lifestyle/lifestyle-family-11.jpg","PHOTOS DETAIL CHALET\Famille dans le chalet\IMG_0719.JPG","Family candid"
"lifestyle","public/images/lifestyle/lifestyle-family-12.jpg","PHOTOS DETAIL CHALET\Famille dans le chalet\IMG_1500.JPG","Family candid"
"lifestyle","public/images/lifestyle/lifestyle-family-13.jpg","PHOTOS DETAIL CHALET\Famille dans le chalet\IMG_1504.JPG","Family candid"
"lifestyle","public/images/lifestyle/lifestyle-family-14.jpg","PHOTOS DETAIL CHALET\Famille dans le chalet\IMG_1611.JPG","Family candid, low-res"
"lifestyle","public/images/lifestyle/lifestyle-family-15.png","PHOTOS DETAIL CHALET\Famille dans le chalet\IMG_2281.PNG","Family candid, PNG screenshot-quality"
"lifestyle","public/images/lifestyle/lifestyle-family-16.jpg","PHOTOS DETAIL CHALET\Famille dans le chalet\IMG_2330.JPG","Family candid"
"lifestyle","public/images/lifestyle/lifestyle-family-17.jpg","PHOTOS DETAIL CHALET\Famille dans le chalet\IMG_2603.JPG","Family candid"
"lifestyle","public/images/lifestyle/lifestyle-family-18.jpg","PHOTOS DETAIL CHALET\Famille dans le chalet\IMG_2610.JPG","Family candid"
"lifestyle","public/images/lifestyle/lifestyle-family-19.jpg","PHOTOS DETAIL CHALET\Famille dans le chalet\IMG_2621.JPG","Family candid"
"lifestyle","public/images/lifestyle/lifestyle-family-20.jpg","PHOTOS DETAIL CHALET\Famille dans le chalet\IMG_3749.JPG","Family candid, low-res"
"lifestyle","public/images/lifestyle/lifestyle-family-21.jpg","PHOTOS DETAIL CHALET\Famille dans le chalet\IMG_3942.JPG","Family candid, very low-res"
"lifestyle","public/images/lifestyle/lifestyle-rush-01.jpg","RUSH MISUSAETER\0E644BEE-63EC-4BB7-9F7D-234EF1C74BA7_1_105_c.jpeg","Candid - cabin breakfast/charcuterie, warm interior mood"
"lifestyle","public/images/lifestyle/lifestyle-rush-02.jpg","RUSH MISUSAETER\22C01318-51C3-4A91-9C35-95AF0F104D89_1_105_c.jpeg","Candid, ski-touring trip"
"lifestyle","public/images/lifestyle/lifestyle-rush-03.jpg","RUSH MISUSAETER\2EB32CC7-A682-41D6-B75A-E31E3BF88FDD_1_105_c.jpeg","Candid, ski-touring trip"
"lifestyle","public/images/lifestyle/lifestyle-rush-04.jpg","RUSH MISUSAETER\4DC0FB1E-E570-4422-9D4E-0C5A63C9B491_1_105_c.jpeg","Candid, ski-touring trip"
"story","public/images/story/story-ski-touring-sunset.jpg","RUSH MISUSAETER\4EA18C08-D1A2-407D-820E-FC9627A4D936_1_105_c.jpeg","Wide landscape, ski track through snow toward the estate at sunset - strong storytelling/journey shot"
"lifestyle","public/images/lifestyle/lifestyle-rush-05.heic","RUSH MISUSAETER\7504C9B4-948E-4F7C-BF69-3FEB7CAC4DE8_1_201_a.heic","Candid, HEIC (needs conversion to JPG/WebP for web use)"
"lifestyle","public/images/lifestyle/lifestyle-rush-06.jpg","RUSH MISUSAETER\7A5727E1-C720-45D6-99EC-B602902628A6_1_105_c.jpeg","Candid, ski-touring trip"
"lifestyle","public/images/lifestyle/lifestyle-rush-07.jpg","RUSH MISUSAETER\8933F037-85CF-4254-B295-200A7EB3F862_1_105_c.jpeg","Candid, ski-touring trip"
"lifestyle","public/images/lifestyle/lifestyle-rush-08.jpg","RUSH MISUSAETER\D3A13DC7-E120-4A07-8FBC-2E9F50BF7A25_1_105_c.jpeg","Candid, ski-touring trip"
"lifestyle","public/images/lifestyle/lifestyle-rush-09.heic","RUSH MISUSAETER\D8722791-2E85-427F-B47A-F6144BC31B0B_1_201_a.heic","Candid, HEIC (not renderable in browsers). CONVERTED 2026-08-16 to lifestyle-rush-09-vegetables.jpg — see next row. Original .heic kept, not deleted."
"lifestyle","public/images/lifestyle/lifestyle-rush-09-vegetables.jpg","RUSH MISUSAETER\D8722791-2E85-427F-B47A-F6144BC31B0B_1_201_a.heic","Group peeling potatoes, carrots, parsnips and beetroot along a kitchen counter; framed above the shoulders so no face is visible. Converted from HEIC 2026-08-16 (2981x1883, JPEG q88 progressive, 1.19MB). Supplied by Mathieu Bonnier as the answer to his 'USE PICTURES WITH POTATOES AND VEGETABLES' note; now the Gather image on Version 4."
"lifestyle","public/images/lifestyle/lifestyle-rush-10.jpg","RUSH MISUSAETER\EB27E362-F66D-45CA-927A-9E5514EE544A_1_105_c.jpeg","Candid, ski-touring trip"
"lifestyle","public/images/lifestyle/lifestyle-iphone-01.jpg","VIDEO+Photos Iphone\034A5056-ADC5-416A-97AD-C3060953AD01_1_105_c.jpeg","Candid iPhone photo"
"lifestyle","public/images/lifestyle/lifestyle-iphone-02.jpg","VIDEO+Photos Iphone\054C5A83-AC27-4374-B484-FCFFB04E01E1_1_105_c.jpeg","Candid iPhone photo"
"lifestyle","public/images/lifestyle/lifestyle-iphone-03.jpg","VIDEO+Photos Iphone\0958FC75-2BB0-401A-8D08-84C42DEA6EB8_1_105_c.jpeg","Candid iPhone photo"
"lifestyle","public/images/lifestyle/lifestyle-iphone-04.jpg","VIDEO+Photos Iphone\1A991A5C-A14E-422A-9119-054620470916_1_105_c.jpeg","Candid iPhone photo"
"lifestyle","public/images/lifestyle/lifestyle-iphone-05.jpg","VIDEO+Photos Iphone\2813D781-6CB7-4CE9-852E-9462AA41B1E4_1_105_c.jpeg","Candid iPhone photo"
"lifestyle","public/images/lifestyle/lifestyle-iphone-06.jpg","VIDEO+Photos Iphone\3C2BD80B-0915-4D08-9E5E-80DF508FFE46_1_105_c.jpeg","Candid iPhone photo"
"lifestyle","public/images/lifestyle/lifestyle-iphone-07.jpg","VIDEO+Photos Iphone\3E873830-0F7E-47AA-8B64-B5E7746B526F_1_105_c.jpeg","Candid iPhone photo"
"lifestyle","public/images/lifestyle/lifestyle-iphone-08.jpg","VIDEO+Photos Iphone\523804E2-FD6D-458A-BCD2-244B8FEAD276_1_105_c.jpeg","Candid iPhone photo"
"lifestyle","public/images/lifestyle/lifestyle-iphone-09.jpg","VIDEO+Photos Iphone\89718E63-36D1-46A5-BAE0-C5881F1E90BB_1_105_c.jpeg","Candid iPhone photo"
"lifestyle","public/images/lifestyle/lifestyle-iphone-10.jpg","VIDEO+Photos Iphone\92479AB9-7E23-4F73-9B08-5C0E88B1C44A_1_105_c.jpeg","Candid iPhone photo"
"lifestyle","public/images/lifestyle/lifestyle-iphone-11.jpg","VIDEO+Photos Iphone\941887BE-5A67-4CDE-AE75-7CF980A41837_1_105_c.jpeg","Candid iPhone photo"
"lifestyle","public/images/lifestyle/lifestyle-iphone-12.jpg","VIDEO+Photos Iphone\9E017479-E36B-4C57-9BCB-66F3C84305F2_1_105_c.jpeg","Candid iPhone photo"
"lifestyle","public/images/lifestyle/lifestyle-iphone-13.jpg","VIDEO+Photos Iphone\A284BD33-02C3-458E-9D1F-3F2E51BD7D13_1_105_c.jpeg","Candid iPhone photo"
"lifestyle","public/images/lifestyle/lifestyle-iphone-14.jpg","VIDEO+Photos Iphone\A77191F9-5496-4D79-A132-8F74B89C93BF_1_105_c.jpeg","Candid iPhone photo"
"lifestyle","public/images/lifestyle/lifestyle-iphone-15.jpg","VIDEO+Photos Iphone\B3DB74ED-3BDB-4A2B-AB27-9AC0CC9AA4A4_1_105_c.jpeg","Candid iPhone photo"
"lifestyle","public/images/lifestyle/lifestyle-iphone-16.jpg","VIDEO+Photos Iphone\B4F1BBE8-34C0-412E-A5D1-226E76987EE4_1_105_c.jpeg","Candid iPhone photo"
"lifestyle","public/images/lifestyle/lifestyle-portrait-bjorn-mathieu.jpg","VIDEO+Photos Iphone\Bjorn&Mathieu.jpeg","Named portrait - two people ski touring at sunset, upside-down selfie framing, high-res (2.96MB)"
"lifestyle","public/images/lifestyle/lifestyle-iphone-17.jpg","VIDEO+Photos Iphone\D288709D-C7A0-4B8A-993A-CA63ADC268E8_1_105_c.jpeg","Candid iPhone photo"
"lifestyle","public/images/lifestyle/lifestyle-iphone-18.jpg","VIDEO+Photos Iphone\E6CC4B30-2760-43FE-B5AC-67601FD950E0_1_105_c.jpeg","Candid iPhone photo"
"lifestyle","public/images/lifestyle/lifestyle-iphone-19.jpg","VIDEO+Photos Iphone\E90CBE89-A01C-4D6B-8D0B-BEED24CB3DE8_1_105_c.jpeg","Candid iPhone photo"
"lifestyle","public/images/lifestyle/lifestyle-iphone-20.jpg","VIDEO+Photos Iphone\EC123DEA-B481-4B06-9BDE-6754D4A6ED2C_1_105_c.jpeg","Candid iPhone photo"
"lifestyle","public/images/lifestyle/lifestyle-iphone-21.jpg","VIDEO+Photos Iphone\F22D8C25-EBBD-48A0-8923-6FC28FF3716B_1_105_c.jpeg","Candid iPhone photo"
"lifestyle","public/images/lifestyle/lifestyle-iphone-22.jpg","VIDEO+Photos Iphone\F8DB8CFB-2FE2-4384-84D9-28B3A7E45ACD_1_105_c.jpeg","Candid iPhone photo"
"story","public/images/story/story-ski-tracks-landscape.jpg","VIDEO+Photos Iphone\034A5056-ADC5-416A-97AD-C3060953AD01_1_105_c.jpeg","Wide cross-country ski landscape, skier mid-frame - journey/adventure storytelling shot. CORRECTED 2026-08-06: originally mapped to IMG_1964.jpeg by folder-pattern inference without direct viewing; IMG_1964.jpeg is actually a bakery/bread-rolls photo, not a landscape. Also duplicated at lifestyle-iphone-01.jpg."
"lifestyle","public/images/lifestyle/lifestyle-iphone-23.jpg","VIDEO+Photos Iphone\IMG_2032.jpeg","Candid iPhone photo"
"lifestyle","public/images/lifestyle/lifestyle-iphone-24.jpg","VIDEO+Photos Iphone\IMG_2194.jpeg","Candid iPhone photo"
public/images/client-update/hero-lets-talk.png,HERO LET'S TALK
public/images/client-update/divider-lets-talk.png,DIVIDER LET'S TALK
